{"_default": {"1": {"name": "Hilti boremaskine", "status": "available", "booked_by": null, "booking_time": null, "start_date": null, "end_date": null}, "2": {"name": "dadwadaw", "status": "available", "booked_by": null, "booking_time": null, "start_date": null, "end_date": null}, "3": {"name": "df", "status": "available", "booked_by": null, "booking_time": null, "start_date": null, "end_date": null}, "4": {"name": "Hilti boremaskine 1", "status": "booked", "booked_by": "Oliver", "booking_time": "2025-04-12 til 2025-04-12", "start_date": "2025-04-12", "end_date": "2025-04-12"}, "5": {"name": "wwewea", "status": "available", "booked_by": null, "booking_time": null, "start_date": null, "end_date": null}, "6": {"name": "awdadas", "status": "available", "booked_by": null, "booking_time": null, "start_date": null, "end_date": null}, "7": {"name": "gfdsgrdg", "status": "available", "booked_by": null, "booking_time": null, "start_date": null, "end_date": null}, "8": {"name": "kuhkh", "status": "available", "booked_by": null, "booking_time": null, "start_date": null, "end_date": null}, "9": {"name": "dawda", "status": "available", "booked_by": null, "booking_time": null, "start_date": null, "end_date": null}}}